{
  "basename": "apple_q2_2025",
  "surprise_intro_qna": 0.8323620557785034,
  "surprise_body_qna": 0.8162276148796082,
  "surprise_intro_body": 0.787333607673645
}