{
  "basename": "apple_q1_2025",
  "surprise_intro_qna": 0.7999483346939087,
  "surprise_body_qna": 0.8027324676513672,
  "surprise_intro_body": 0.8113644123077393
}