{
  "basename": "meta_q4_2024",
  "surprise_intro_qna": 0.7934648394584656,
  "surprise_body_qna": 0.8101838231086731,
  "surprise_intro_body": 0.7633657455444336
}