{
  "basename": "meta_q3_2024",
  "surprise_intro_qna": 0.7909191846847534,
  "surprise_body_qna": 0.8034326434135437,
  "surprise_intro_body": 0.770454466342926
}